{
  "version": "v4.0.1.0-794660a-funky-beta",
  "protocolversion": 90001,
  "walletversion": 60000,
  "balance": 0,
  "newmint": 0,
  "stake": 0,
  "blocks": 2350155,
  "moneysupply": 15139691120.920618,
  "connections": 18,
  "proxy": "",
  "ip": "p72mlmm7qoyxo42n.onion",
  "pow_algo_id": 4,
  "pow_algo": "groestl",
  "difficulty": 722066.40714623,
  "difficulty_x17": 5263.90187225,
  "difficulty_scrypt": 50376.5337337,
  "difficulty_groestl": 722066.40714623,
  "difficulty_lyra2re": 7703.62475046,
  "difficulty_blake": 13640190.68517623,
  "testnet": false,
  "keypoololdest": 1521539949,
  "keypoolsize": 101,
  "paytxfee": 0.1,
  "errors": ""
}